date,time,day,hour,is_holiday,is_weekend,segment_1,segment_2,segment_3,segment_4,segment_5,segment_6,segment_7,segment_8,segment_9,segment_10
05/01/26,15:51:09,Monday,15,0,0,1,3,1,1,1,1,1,1,1,1
05/01/26,16:06:22,Monday,16,0,0,1,3,1,1,1,1,1,1,1,1
05/01/26,16:21:34,Monday,16,0,0,1,3,1,1,1,1,1,1,1,1
05/01/26,16:36:46,Monday,16,0,0,1,3,1,1,1,1,1,1,1,1
05/01/26,16:51:57,Monday,16,0,0,1,3,1,1,1,1,1,1,1,1
05/01/26,17:07:08,Monday,17,0,0,1,3,1,1,1,1,1,1,1,1
05/01/26,17:22:20,Monday,17,0,0,1,3,1,1,1,1,1,1,1,1
05/01/26,17:37:33,Monday,17,0,0,1,3,1,1,1,1,1,1,1,1
05/01/26,17:52:44,Monday,17,0,0,1,3,1,1,1,1,1,1,1,1
05/01/26,18:07:55,Monday,18,0,0,1,3,1,1,1,1,1,1,1,1
05/01/26,18:23:06,Monday,18,0,0,1,1,1,1,1,1,1,1,1,1
05/01/26,18:38:19,Monday,18,0,0,1,1,1,1,1,1,1,1,1,1
05/01/26,18:53:30,Monday,18,0,0,1,1,1,1,1,1,1,1,1,1
05/01/26,19:08:41,Monday,19,0,0,1,3,1,1,1,1,1,1,1,1
05/01/26,19:23:52,Monday,19,0,0,1,3,1,1,1,1,1,1,1,1
05/01/26,19:39:05,Monday,19,0,0,1,1,1,1,1,1,1,1,1,1
05/01/26,19:54:17,Monday,19,0,0,1,3,1,1,1,1,1,1,1,1
05/01/26,20:09:28,Monday,20,0,0,1,3,1,1,1,1,1,1,1,1
05/01/26,20:24:39,Monday,20,0,0,1,3,1,1,1,1,1,1,1,1
05/01/26,20:39:52,Monday,20,0,0,1,3,1,1,1,1,1,1,1,1
05/01/26,20:55:04,Monday,20,0,0,1,3,1,1,1,1,1,1,1,1
05/01/26,21:10:15,Monday,21,0,0,1,3,1,1,1,1,1,1,1,1
05/01/26,21:25:26,Monday,21,0,0,1,3,1,1,1,1,1,1,1,1
05/01/26,21:40:39,Monday,21,0,0,1,3,1,1,1,1,1,1,1,1
05/01/26,21:55:50,Monday,21,0,0,1,3,1,1,1,1,1,1,1,1
05/01/26,22:11:02,Monday,22,0,0,1,3,1,1,1,1,1,1,1,1
05/01/26,22:26:13,Monday,22,0,0,1,3,1,1,1,1,1,1,1,1
05/01/26,22:41:25,Monday,22,0,0,1,3,1,1,1,1,1,1,1,1
05/01/26,22:56:38,Monday,22,0,0,1,3,1,1,1,1,1,1,1,1
05/01/26,23:11:50,Monday,23,0,0,1,3,1,1,1,1,1,1,1,1
05/01/26,23:27:03,Monday,23,0,0,1,3,1,1,1,1,1,1,1,1
05/01/26,23:42:15,Monday,23,0,0,1,3,1,1,1,1,1,1,1,1
05/01/26,23:57:27,Monday,23,0,0,1,3,1,1,1,1,1,1,1,1
06/01/26,00:12:40,Tuesday,0,0,0,1,3,1,1,1,1,1,1,1,1
06/01/26,00:27:51,Tuesday,0,0,0,1,3,1,1,1,1,1,1,1,1
06/01/26,00:43:04,Tuesday,0,0,0,1,3,1,1,1,1,1,1,1,1
06/01/26,00:58:15,Tuesday,0,0,0,1,3,1,1,1,1,1,1,1,1
06/01/26,01:13:26,Tuesday,1,0,0,1,3,1,1,1,1,1,1,1,1
06/01/26,01:28:38,Tuesday,1,0,0,1,3,1,1,1,1,1,1,1,1
06/01/26,01:43:49,Tuesday,1,0,0,1,3,1,1,1,1,1,1,1,1
06/01/26,01:59:00,Tuesday,1,0,0,1,3,1,1,1,1,1,1,1,1
06/01/26,02:14:11,Tuesday,2,0,0,1,3,1,1,1,1,1,1,1,1
06/01/26,02:29:23,Tuesday,2,0,0,1,3,1,1,1,1,1,1,1,1
06/01/26,02:44:34,Tuesday,2,0,0,1,3,1,1,1,1,1,1,1,1
06/01/26,02:59:46,Tuesday,2,0,0,1,3,1,1,1,1,1,1,1,1
06/01/26,03:14:58,Tuesday,3,0,0,1,3,1,1,1,1,1,1,1,1
06/01/26,03:30:10,Tuesday,3,0,0,1,3,1,1,1,1,1,1,1,1
06/01/26,03:45:21,Tuesday,3,0,0,1,3,1,1,1,1,1,1,1,1
06/01/26,04:00:32,Tuesday,4,0,0,1,3,1,1,1,1,1,1,1,1
06/01/26,04:15:44,Tuesday,4,0,0,1,3,1,1,1,1,1,1,1,1
06/01/26,04:30:55,Tuesday,4,0,0,1,3,1,1,1,1,1,1,1,1
06/01/26,04:46:06,Tuesday,4,0,0,1,3,1,1,1,1,1,1,1,1
06/01/26,05:01:17,Tuesday,5,0,0,1,3,1,1,1,1,1,1,1,1
06/01/26,05:16:29,Tuesday,5,0,0,1,3,1,1,1,1,1,1,1,1
06/01/26,05:31:40,Tuesday,5,0,0,1,3,1,1,1,1,1,1,1,1
06/01/26,05:46:51,Tuesday,5,0,0,1,3,1,1,1,1,1,1,1,1
06/01/26,06:02:03,Tuesday,6,0,0,1,3,1,1,1,1,1,1,1,1
06/01/26,06:17:14,Tuesday,6,0,0,1,3,1,1,1,1,1,1,1,1
06/01/26,06:32:25,Tuesday,6,0,0,1,3,1,1,1,1,1,1,1,1
06/01/26,06:47:37,Tuesday,6,0,0,1,3,1,1,1,1,1,1,1,1
06/01/26,07:02:50,Tuesday,7,0,0,1,3,1,1,1,1,1,1,1,1
06/01/26,07:18:02,Tuesday,7,0,0,1,3,1,1,1,1,1,1,1,1
06/01/26,07:33:13,Tuesday,7,0,0,1,3,1,1,1,1,1,1,1,1
06/01/26,07:48:24,Tuesday,7,0,0,1,3,1,1,1,1,1,1,1,1
06/01/26,08:03:36,Tuesday,8,0,0,1,3,1,1,1,1,1,1,1,1
06/01/26,08:18:47,Tuesday,8,0,0,1,3,1,1,1,1,1,1,1,1
06/01/26,08:33:58,Tuesday,8,0,0,1,3,1,1,1,1,1,1,1,1
06/01/26,08:49:10,Tuesday,8,0,0,1,3,1,1,1,1,1,1,1,1
06/01/26,09:04:21,Tuesday,9,0,0,1,3,1,1,1,1,1,1,1,1
06/01/26,09:19:33,Tuesday,9,0,0,1,3,1,1,1,1,1,1,1,1
06/01/26,09:34:44,Tuesday,9,0,0,1,3,1,1,1,1,1,1,1,1
06/01/26,09:49:55,Tuesday,9,0,0,1,3,1,1,1,1,1,1,1,1
06/01/26,10:05:06,Tuesday,10,0,0,1,3,1,1,1,1,1,1,1,1
06/01/26,10:20:17,Tuesday,10,0,0,1,3,1,1,1,1,1,1,1,1
06/01/26,10:35:29,Tuesday,10,0,0,1,3,1,1,1,1,1,1,1,1
06/01/26,10:50:42,Tuesday,10,0,0,1,3,1,1,1,1,1,1,1,1
06/01/26,11:05:53,Tuesday,11,0,0,1,3,1,1,1,1,1,1,1,1
06/01/26,11:21:05,Tuesday,11,0,0,1,3,1,1,1,1,1,1,1,1
06/01/26,11:36:17,Tuesday,11,0,0,1,3,1,1,1,1,1,1,1,1
06/01/26,11:51:28,Tuesday,11,0,0,1,3,1,1,1,1,1,1,1,1
06/01/26,12:06:40,Tuesday,12,0,0,1,3,1,1,1,1,1,1,1,1
06/01/26,12:21:51,Tuesday,12,0,0,1,3,1,1,1,1,1,1,1,1
06/01/26,12:37:02,Tuesday,12,0,0,1,3,1,1,1,1,1,1,1,1
06/01/26,12:52:14,Tuesday,12,0,0,1,3,1,1,1,1,1,1,1,1
06/01/26,13:07:25,Tuesday,13,0,0,1,3,1,1,1,1,1,1,1,1
06/01/26,13:22:36,Tuesday,13,0,0,1,3,1,1,1,1,1,1,1,1
06/01/26,13:37:49,Tuesday,13,0,0,1,3,1,1,1,1,1,1,1,1
06/01/26,13:53:00,Tuesday,13,0,0,1,3,1,1,1,1,1,1,1,1
06/01/26,14:08:11,Tuesday,14,0,0,1,3,1,1,1,1,1,1,1,1
06/01/26,14:23:22,Tuesday,14,0,0,1,3,1,1,1,1,1,1,1,1
06/01/26,14:38:35,Tuesday,14,0,0,1,3,1,1,1,1,1,1,1,1
06/01/26,14:53:46,Tuesday,14,0,0,1,3,1,1,1,1,1,1,1,1
06/01/26,15:08:57,Tuesday,15,0,0,1,3,1,1,1,1,1,1,1,1
06/01/26,15:24:08,Tuesday,15,0,0,1,3,1,1,1,1,1,1,1,1
06/01/26,15:39:21,Tuesday,15,0,0,1,3,1,1,1,1,1,1,1,1
06/01/26,15:54:32,Tuesday,15,0,0,1,3,1,1,1,1,1,1,1,1
06/01/26,16:09:44,Tuesday,16,0,0,1,3,1,1,1,1,1,1,1,1
06/01/26,16:24:55,Tuesday,16,0,0,1,3,1,1,1,1,1,1,1,1
06/01/26,16:40:08,Tuesday,16,0,0,1,3,1,1,1,1,1,1,1,1
06/01/26,16:55:19,Tuesday,16,0,0,1,3,1,1,1,1,1,1,1,1
06/01/26,17:10:30,Tuesday,17,0,0,1,3,1,1,1,1,1,1,1,1
06/01/26,17:25:41,Tuesday,17,0,0,1,3,1,1,1,1,1,1,1,1
06/01/26,17:40:54,Tuesday,17,0,0,1,3,1,1,1,1,1,1,1,1
06/01/26,17:56:05,Tuesday,17,0,0,1,3,1,1,1,1,1,1,1,1
06/01/26,18:11:17,Tuesday,18,0,0,1,3,1,1,1,1,1,1,1,1
06/01/26,18:26:30,Tuesday,18,0,0,1,3,1,1,1,1,1,1,1,1
06/01/26,18:41:43,Tuesday,18,0,0,1,3,1,1,1,1,1,1,1,1
06/01/26,18:56:54,Tuesday,18,0,0,1,3,1,1,1,1,1,1,1,1
06/01/26,19:12:05,Tuesday,19,0,0,1,3,1,1,1,1,1,1,1,1
06/01/26,19:27:17,Tuesday,19,0,0,1,3,1,1,1,1,1,1,1,1
06/01/26,19:42:30,Tuesday,19,0,0,1,3,1,1,1,1,1,1,1,1
06/01/26,19:57:41,Tuesday,19,0,0,1,3,1,1,1,1,1,1,1,1
06/01/26,20:12:52,Tuesday,20,0,0,1,3,1,1,1,1,1,1,1,1
06/01/26,20:28:03,Tuesday,20,0,0,1,3,1,1,1,1,1,1,1,1
06/01/26,20:43:16,Tuesday,20,0,0,1,3,1,1,1,1,1,1,1,1
06/01/26,20:58:27,Tuesday,20,0,0,1,3,1,1,1,1,1,1,1,1
06/01/26,21:13:39,Tuesday,21,0,0,1,3,1,1,1,1,1,1,1,1
06/01/26,21:28:51,Tuesday,21,0,0,1,3,1,1,1,1,1,1,1,1
06/01/26,21:44:04,Tuesday,21,0,0,1,3,1,1,1,1,1,1,1,1
06/01/26,21:59:15,Tuesday,21,0,0,1,3,1,1,1,1,1,1,1,1
06/01/26,22:14:29,Tuesday,22,0,0,1,3,1,1,1,1,1,1,1,1
06/01/26,22:29:40,Tuesday,22,0,0,1,3,1,1,1,1,1,1,1,1
06/01/26,22:44:52,Tuesday,22,0,0,1,3,1,1,1,1,1,1,1,1
06/01/26,23:00:04,Tuesday,23,0,0,1,3,1,1,1,1,1,1,1,1
06/01/26,23:15:15,Tuesday,23,0,0,1,3,1,1,1,1,1,1,1,1
06/01/26,23:30:28,Tuesday,23,0,0,1,3,1,1,1,1,1,1,1,1
06/01/26,23:45:41,Tuesday,23,0,0,1,3,1,1,1,1,1,1,1,1
07/01/26,00:00:53,Wednesday,0,0,0,1,3,1,1,1,1,1,1,1,1
07/01/26,00:16:04,Wednesday,0,0,0,1,3,1,1,1,1,1,1,1,1
07/01/26,00:31:15,Wednesday,0,0,0,1,3,1,1,1,1,1,1,1,1
07/01/26,00:46:27,Wednesday,0,0,0,1,3,1,1,1,1,1,1,1,1
07/01/26,01:01:38,Wednesday,1,0,0,1,3,1,1,1,1,1,1,1,1
07/01/26,01:16:50,Wednesday,1,0,0,1,3,1,1,1,1,1,1,1,1
07/01/26,01:32:02,Wednesday,1,0,0,1,3,1,1,1,1,1,1,1,1
07/01/26,01:47:13,Wednesday,1,0,0,1,3,1,1,1,1,1,1,1,1
07/01/26,02:02:24,Wednesday,2,0,0,1,3,1,1,1,1,1,1,1,1
07/01/26,02:17:36,Wednesday,2,0,0,1,3,1,1,1,1,1,1,1,1
07/01/26,02:32:47,Wednesday,2,0,0,1,3,1,1,1,1,1,1,1,1
07/01/26,02:47:59,Wednesday,2,0,0,1,3,1,1,1,1,1,1,1,1
07/01/26,03:03:10,Wednesday,3,0,0,1,3,1,1,1,1,1,1,1,1
07/01/26,03:18:21,Wednesday,3,0,0,1,3,1,1,1,1,1,1,1,1
07/01/26,03:33:32,Wednesday,3,0,0,1,3,1,1,1,1,1,1,1,1
07/01/26,03:48:44,Wednesday,3,0,0,1,3,1,1,1,1,1,1,1,1
07/01/26,04:03:55,Wednesday,4,0,0,1,3,1,1,1,1,1,1,1,1
07/01/26,04:19:07,Wednesday,4,0,0,1,3,1,1,1,1,1,1,1,1
07/01/26,04:34:18,Wednesday,4,0,0,1,3,1,1,1,1,1,1,1,1
07/01/26,04:49:30,Wednesday,4,0,0,1,3,1,1,1,1,1,1,1,1
07/01/26,05:04:43,Wednesday,5,0,0,1,3,1,1,1,1,1,1,1,1
07/01/26,05:19:54,Wednesday,5,0,0,1,3,1,1,1,1,1,1,1,1
07/01/26,05:35:06,Wednesday,5,0,0,1,3,1,1,1,1,1,1,1,1
07/01/26,05:50:18,Wednesday,5,0,0,1,3,1,1,1,1,1,1,1,1
07/01/26,06:05:31,Wednesday,6,0,0,1,3,1,1,1,1,1,1,1,1
07/01/26,06:20:43,Wednesday,6,0,0,1,3,1,1,1,1,1,1,1,1
07/01/26,06:35:54,Wednesday,6,0,0,1,3,1,1,1,1,1,1,1,1
07/01/26,06:51:06,Wednesday,6,0,0,1,3,1,1,1,1,1,1,1,1
07/01/26,07:06:18,Wednesday,7,0,0,1,3,1,1,1,1,1,1,1,1
07/01/26,07:21:30,Wednesday,7,0,0,1,3,1,1,1,1,1,1,1,1
07/01/26,07:36:41,Wednesday,7,0,0,1,3,1,1,1,1,1,1,1,1
07/01/26,07:51:53,Wednesday,7,0,0,1,3,1,1,1,1,1,1,1,1
07/01/26,08:07:06,Wednesday,8,0,0,1,3,1,1,1,1,1,1,1,1
07/01/26,08:22:17,Wednesday,8,0,0,1,3,1,1,1,1,1,1,1,1
07/01/26,08:37:29,Wednesday,8,0,0,1,3,1,1,1,1,1,1,1,1
07/01/26,08:52:40,Wednesday,8,0,0,1,3,1,1,1,1,1,1,1,1
07/01/26,09:07:53,Wednesday,9,0,0,1,3,1,1,1,1,1,1,1,1
07/01/26,09:23:04,Wednesday,9,0,0,1,3,1,1,1,1,1,1,1,1
07/01/26,09:38:15,Wednesday,9,0,0,1,3,1,1,1,1,1,1,1,1
07/01/26,09:53:27,Wednesday,9,0,0,1,3,1,1,1,1,1,1,1,1
07/01/26,10:08:40,Wednesday,10,0,0,1,3,1,1,1,1,1,1,1,1
07/01/26,10:23:51,Wednesday,10,0,0,1,3,1,1,1,1,1,1,1,1
07/01/26,10:39:03,Wednesday,10,0,0,1,3,1,1,1,1,1,1,1,1
07/01/26,10:54:14,Wednesday,10,0,0,1,3,1,1,1,1,1,1,1,1
07/01/26,11:09:27,Wednesday,11,0,0,1,3,1,1,1,1,1,1,1,1
07/01/26,11:24:38,Wednesday,11,0,0,1,3,1,1,1,1,1,1,1,1
07/01/26,11:39:51,Wednesday,11,0,0,1,3,1,1,1,1,1,1,1,1
07/01/26,11:55:02,Wednesday,11,0,0,1,3,1,1,1,1,1,1,1,1
07/01/26,12:10:16,Wednesday,12,0,0,1,3,1,1,1,1,1,1,1,1
07/01/26,12:25:27,Wednesday,12,0,0,1,3,1,1,1,1,1,1,1,1
07/01/26,12:40:38,Wednesday,12,0,0,1,3,1,1,1,1,1,1,1,1
07/01/26,12:55:50,Wednesday,12,0,0,1,3,1,1,1,1,1,1,1,1
07/01/26,13:11:02,Wednesday,13,0,0,1,3,1,1,1,1,1,1,1,1
07/01/26,13:26:15,Wednesday,13,0,0,1,3,1,1,1,1,1,1,1,1
07/01/26,13:41:26,Wednesday,13,0,0,1,3,1,1,1,1,1,1,1,1
07/01/26,13:56:37,Wednesday,13,0,0,1,3,1,1,1,1,1,1,1,1
07/01/26,14:11:50,Wednesday,14,0,0,1,3,1,1,1,1,1,1,1,1
07/01/26,14:27:02,Wednesday,14,0,0,1,3,1,1,1,1,1,1,1,1
07/01/26,14:42:13,Wednesday,14,0,0,1,3,1,1,1,1,1,1,1,1
07/01/26,14:57:25,Wednesday,14,0,0,1,3,1,1,1,1,1,1,1,1
07/01/26,15:12:38,Wednesday,15,0,0,1,3,1,1,1,1,1,1,1,1
07/01/26,15:27:49,Wednesday,15,0,0,1,3,1,1,1,1,1,1,1,1
07/01/26,15:43:00,Wednesday,15,0,0,1,3,1,1,1,1,1,1,1,1
07/01/26,15:58:11,Wednesday,15,0,0,1,3,1,1,1,1,1,1,1,1
07/01/26,16:13:24,Wednesday,16,0,0,1,3,1,1,1,1,1,1,1,1
07/01/26,16:28:36,Wednesday,16,0,0,1,3,1,1,1,1,1,1,1,1
07/01/26,16:43:47,Wednesday,16,0,0,1,1,1,1,1,1,1,1,1,1
07/01/26,16:58:58,Wednesday,16,0,0,1,1,3,1,1,1,1,1,1,1
07/01/26,17:14:11,Wednesday,17,0,0,1,3,1,1,1,1,3,1,1,1
07/01/26,17:29:23,Wednesday,17,0,0,1,3,1,1,1,1,1,1,1,1
07/01/26,17:44:34,Wednesday,17,0,0,1,3,1,1,1,1,1,1,1,1
07/01/26,17:59:45,Wednesday,17,0,0,1,3,1,1,1,1,1,1,1,1
07/01/26,18:14:56,Wednesday,18,0,0,1,3,1,1,1,1,3,1,1,1
07/01/26,18:30:08,Wednesday,18,0,0,1,3,1,1,1,1,3,1,1,1
07/01/26,18:45:19,Wednesday,18,0,0,1,3,1,1,1,1,3,1,1,1
07/01/26,19:00:30,Wednesday,19,0,0,1,3,1,1,1,1,1,4,1,1
07/01/26,19:15:41,Wednesday,19,0,0,1,3,1,1,1,1,3,1,1,1
07/01/26,19:30:53,Wednesday,19,0,0,1,3,1,1,1,1,1,1,1,1
07/01/26,19:46:04,Wednesday,19,0,0,1,3,1,1,1,1,1,1,1,1
07/01/26,20:01:15,Wednesday,20,0,0,1,3,1,1,1,1,1,1,1,1
07/01/26,20:16:27,Wednesday,20,0,0,1,3,1,1,1,1,1,1,1,1
07/01/26,20:31:38,Wednesday,20,0,0,1,3,1,1,1,1,1,1,1,1
07/01/26,20:46:50,Wednesday,20,0,0,1,3,1,1,1,1,1,1,1,1
07/01/26,21:02:01,Wednesday,21,0,0,1,3,1,1,1,1,1,1,1,1
07/01/26,21:17:12,Wednesday,21,0,0,1,3,1,1,1,1,1,1,1,1
07/01/26,21:32:24,Wednesday,21,0,0,1,3,1,1,1,1,1,1,1,1
07/01/26,21:47:35,Wednesday,21,0,0,1,3,1,1,1,1,1,1,1,1
07/01/26,22:02:46,Wednesday,22,0,0,1,3,1,1,1,1,1,1,1,1
07/01/26,22:17:58,Wednesday,22,0,0,1,3,1,1,1,1,1,1,1,1
07/01/26,22:33:09,Wednesday,22,0,0,1,3,1,1,1,1,1,1,1,1
07/01/26,22:48:20,Wednesday,22,0,0,1,3,1,1,1,1,1,1,1,1
07/01/26,23:03:32,Wednesday,23,0,0,1,3,1,1,1,1,1,1,1,1
07/01/26,23:18:44,Wednesday,23,0,0,1,3,1,1,1,1,1,1,1,1
07/01/26,23:33:56,Wednesday,23,0,0,1,3,1,1,1,1,1,1,1,1
07/01/26,23:49:07,Wednesday,23,0,0,1,3,1,1,1,1,1,1,1,1
08/01/26,00:04:19,Thursday,0,0,0,1,3,1,1,1,1,1,1,1,1
08/01/26,00:19:32,Thursday,0,0,0,1,3,1,1,1,1,1,1,1,1
08/01/26,00:34:43,Thursday,0,0,0,1,3,1,1,1,1,1,1,1,1
08/01/26,00:49:54,Thursday,0,0,0,1,3,1,1,1,1,1,1,1,1
08/01/26,01:05:06,Thursday,1,0,0,1,3,1,1,1,1,1,1,1,1
08/01/26,01:20:19,Thursday,1,0,0,1,3,1,1,1,1,1,4,1,1
08/01/26,01:35:30,Thursday,1,0,0,1,3,1,1,1,1,1,1,1,1
08/01/26,01:50:42,Thursday,1,0,0,1,3,1,1,1,1,1,1,1,1
08/01/26,02:05:53,Thursday,2,0,0,1,3,1,1,1,1,1,1,1,1
08/01/26,02:21:06,Thursday,2,0,0,1,3,1,1,1,1,1,1,1,1
08/01/26,02:36:18,Thursday,2,0,0,1,3,1,1,1,1,1,1,1,1
08/01/26,02:51:29,Thursday,2,0,0,1,3,1,1,1,1,1,1,1,1
08/01/26,03:06:41,Thursday,3,0,0,1,3,1,1,1,1,1,1,1,1
08/01/26,03:21:54,Thursday,3,0,0,1,3,1,1,1,1,1,1,1,1
08/01/26,03:37:05,Thursday,3,0,0,1,3,1,1,1,1,1,4,1,1
08/01/26,03:52:17,Thursday,3,0,0,1,3,1,1,1,1,1,1,1,1
08/01/26,04:07:29,Thursday,4,0,0,1,3,1,1,1,1,1,1,1,1
08/01/26,04:22:41,Thursday,4,0,0,1,3,1,1,1,1,1,1,1,1
08/01/26,04:37:54,Thursday,4,0,0,1,3,1,1,1,1,1,1,1,1
08/01/26,04:53:06,Thursday,4,0,0,1,3,1,1,1,1,1,1,1,1
08/01/26,05:08:18,Thursday,5,0,0,1,3,1,1,1,1,1,1,1,1
08/01/26,05:23:30,Thursday,5,0,0,1,3,1,1,1,1,1,4,1,1
08/01/26,05:38:42,Thursday,5,0,0,1,3,1,1,1,1,1,1,1,1
08/01/26,05:53:53,Thursday,5,0,0,1,3,1,1,1,1,1,1,1,1
08/01/26,06:09:05,Thursday,6,0,0,1,3,1,1,1,1,1,1,1,1
08/01/26,06:24:18,Thursday,6,0,0,1,3,1,1,1,1,1,1,1,1
08/01/26,06:39:29,Thursday,6,0,0,1,3,1,1,1,1,1,1,1,1
08/01/26,06:54:40,Thursday,6,0,0,1,3,1,1,1,1,1,1,1,1
08/01/26,07:09:52,Thursday,7,0,0,1,3,1,1,1,1,1,1,1,1
08/01/26,07:25:05,Thursday,7,0,0,1,3,1,1,1,1,1,1,1,1
08/01/26,07:40:17,Thursday,7,0,0,1,3,1,1,1,1,1,1,1,1
08/01/26,07:55:28,Thursday,7,0,0,1,3,1,1,1,1,1,1,1,1
08/01/26,08:10:40,Thursday,8,0,0,1,3,1,1,1,1,1,1,1,1
08/01/26,08:25:53,Thursday,8,0,0,1,3,1,1,1,1,1,1,1,1
08/01/26,08:41:04,Thursday,8,0,0,1,3,1,1,1,1,1,1,1,1
08/01/26,08:56:15,Thursday,8,0,0,1,3,1,1,1,1,1,1,1,1
08/01/26,09:11:27,Thursday,9,0,0,1,3,1,1,1,1,1,1,1,1
08/01/26,09:26:40,Thursday,9,0,0,1,3,1,1,1,1,1,4,1,1
08/01/26,09:41:51,Thursday,9,0,0,1,3,1,1,1,1,1,1,1,1
08/01/26,09:57:03,Thursday,9,0,0,1,3,1,1,1,1,1,1,1,1
08/01/26,10:12:14,Thursday,10,0,0,1,3,1,1,1,1,1,4,1,1
08/01/26,10:27:27,Thursday,10,0,0,1,3,1,1,1,1,1,4,1,1
08/01/26,10:42:38,Thursday,10,0,0,1,3,1,1,1,1,1,4,1,1
08/01/26,10:57:50,Thursday,10,0,0,1,3,1,1,1,1,1,4,1,1
08/01/26,11:13:01,Thursday,11,0,0,1,3,1,1,1,1,1,1,1,1
08/01/26,11:28:14,Thursday,11,0,0,1,3,1,1,1,1,1,1,1,1
08/01/26,11:43:25,Thursday,11,0,0,1,3,1,1,1,1,1,4,1,1
08/01/26,11:58:37,Thursday,11,0,0,1,3,1,1,1,1,1,1,1,1
08/01/26,12:13:48,Thursday,12,0,0,1,3,1,1,1,1,1,1,1,1
08/01/26,12:29:01,Thursday,12,0,0,1,3,1,1,1,1,1,4,1,1
08/01/26,12:44:12,Thursday,12,0,0,1,3,1,1,1,1,1,4,1,1
08/01/26,12:59:23,Thursday,12,0,0,1,3,1,1,1,1,1,4,1,1
08/01/26,13:14:35,Thursday,13,0,0,1,3,1,1,1,1,1,4,1,1
08/01/26,13:29:48,Thursday,13,0,0,1,3,1,1,1,1,1,4,1,1
08/01/26,13:44:59,Thursday,13,0,0,1,3,1,1,1,1,1,4,1,1
08/01/26,14:00:11,Thursday,14,0,0,1,3,1,1,1,1,1,4,1,1
08/01/26,14:15:22,Thursday,14,0,0,1,3,1,1,1,1,1,4,1,1
08/01/26,14:30:35,Thursday,14,0,0,1,3,1,1,1,1,1,4,1,1
08/01/26,14:45:47,Thursday,14,0,0,1,3,1,1,1,1,1,4,1,1
08/01/26,15:00:59,Thursday,15,0,0,1,3,1,1,1,1,1,4,1,1
08/01/26,15:16:10,Thursday,15,0,0,1,3,1,1,1,1,1,4,1,1
08/01/26,15:31:23,Thursday,15,0,0,1,3,1,1,1,1,1,4,1,1
08/01/26,15:46:34,Thursday,15,0,0,1,3,1,1,1,1,1,4,1,1
08/01/26,16:01:46,Thursday,16,0,0,1,3,1,1,1,1,1,4,1,1
08/01/26,16:16:57,Thursday,16,0,0,1,3,1,1,1,1,1,1,1,1
08/01/26,16:32:10,Thursday,16,0,0,1,3,1,1,1,1,1,1,1,1
08/01/26,16:47:21,Thursday,16,0,0,1,3,1,1,1,1,1,1,1,1
08/01/26,17:02:33,Thursday,17,0,0,1,3,1,1,1,1,1,1,1,1
08/01/26,17:17:44,Thursday,17,0,0,1,3,1,1,1,1,1,1,1,1
08/01/26,17:32:57,Thursday,17,0,0,1,3,1,1,1,1,1,1,1,1
08/01/26,17:48:08,Thursday,17,0,0,1,3,1,1,1,1,1,1,1,1
08/01/26,18:03:19,Thursday,18,0,0,1,3,1,1,1,1,1,1,1,1
08/01/26,18:18:30,Thursday,18,0,0,1,3,1,1,1,1,1,1,1,1
08/01/26,18:33:43,Thursday,18,0,0,1,3,1,1,1,1,1,1,1,1
08/01/26,18:48:55,Thursday,18,0,0,1,3,1,1,1,1,1,1,1,1
08/01/26,19:04:07,Thursday,19,0,0,1,3,1,1,1,1,1,1,1,1
08/01/26,19:19:18,Thursday,19,0,0,1,3,1,1,1,1,1,1,1,1
08/01/26,19:34:31,Thursday,19,0,0,1,3,1,1,1,1,1,4,1,1
08/01/26,19:49:44,Thursday,19,0,0,1,3,1,1,1,1,1,1,1,1
08/01/26,20:04:56,Thursday,20,0,0,1,3,1,1,1,1,1,1,1,1
08/01/26,20:20:09,Thursday,20,0,0,1,3,1,1,1,1,1,1,1,1
08/01/26,20:35:22,Thursday,20,0,0,1,3,1,1,1,1,1,1,1,1
08/01/26,20:50:33,Thursday,20,0,0,1,3,1,1,1,1,1,1,1,1
08/01/26,21:05:45,Thursday,21,0,0,1,3,1,1,1,1,1,1,1,1
08/01/26,21:20:56,Thursday,21,0,0,1,3,1,1,1,1,1,1,1,1
08/01/26,21:36:10,Thursday,21,0,0,1,3,1,1,1,1,1,1,1,1
08/01/26,21:51:21,Thursday,21,0,0,1,3,1,1,1,1,1,1,1,1
08/01/26,22:06:33,Thursday,22,0,0,1,3,1,1,1,1,1,1,1,1
08/01/26,22:21:44,Thursday,22,0,0,1,3,1,1,1,1,1,1,1,1
08/01/26,22:36:57,Thursday,22,0,0,1,3,1,1,1,1,1,1,1,1
08/01/26,22:52:09,Thursday,22,0,0,1,3,1,1,1,1,1,1,1,1
08/01/26,23:07:22,Thursday,23,0,0,1,3,1,1,1,1,1,1,1,1
08/01/26,23:22:33,Thursday,23,0,0,1,3,1,1,1,1,1,1,1,1
08/01/26,23:37:46,Thursday,23,0,0,1,3,1,1,1,1,1,1,1,1
08/01/26,23:52:57,Thursday,23,0,0,1,3,1,1,1,1,1,1,1,1
09/01/26,00:08:09,Friday,0,0,1,1,3,1,1,1,1,1,1,1,1
09/01/26,00:23:22,Friday,0,0,1,1,3,1,1,1,1,1,1,1,1
09/01/26,00:38:36,Friday,0,0,1,1,3,1,1,1,1,1,1,1,1
09/01/26,00:53:47,Friday,0,0,1,1,3,1,1,1,1,1,1,1,1
09/01/26,01:09:01,Friday,1,0,1,1,3,1,1,1,1,1,1,1,1
09/01/26,01:24:12,Friday,1,0,1,1,3,1,1,1,1,1,1,1,1
09/01/26,01:39:25,Friday,1,0,1,1,3,1,1,1,1,1,1,1,1
09/01/26,01:54:37,Friday,1,0,1,1,3,1,1,1,1,1,1,1,1
09/01/26,02:09:48,Friday,2,0,1,1,3,1,1,1,1,1,1,1,1
09/01/26,02:24:59,Friday,2,0,1,1,3,1,1,1,1,1,1,1,1
09/01/26,02:40:12,Friday,2,0,1,1,3,1,1,1,1,1,1,1,1
09/01/26,02:55:24,Friday,2,0,1,1,3,1,1,1,1,1,1,1,1
09/01/26,03:10:35,Friday,3,0,1,1,3,1,1,1,1,1,4,1,1
09/01/26,03:25:46,Friday,3,0,1,1,3,1,1,1,1,1,1,1,1
09/01/26,03:40:59,Friday,3,0,1,1,3,1,1,1,1,1,1,1,1
09/01/26,03:56:11,Friday,3,0,1,1,3,1,1,1,1,1,1,1,1
09/01/26,04:11:23,Friday,4,0,1,1,3,1,1,1,1,1,1,1,1
09/01/26,04:26:34,Friday,4,0,1,1,3,1,1,1,1,1,4,1,1
09/01/26,04:41:47,Friday,4,0,1,1,3,1,1,1,1,1,1,1,1
09/01/26,04:56:58,Friday,4,0,1,1,3,1,1,1,1,1,1,1,1
09/01/26,05:12:10,Friday,5,0,1,1,3,1,1,1,1,1,1,1,1
09/01/26,05:27:21,Friday,5,0,1,1,3,1,1,1,1,1,1,1,1
09/01/26,05:42:34,Friday,5,0,1,1,3,1,1,1,1,1,1,1,1
09/01/26,05:57:45,Friday,5,0,1,1,3,1,1,1,1,1,1,1,1
09/01/26,06:12:57,Friday,6,0,1,1,3,1,1,1,1,1,1,1,1
09/01/26,06:28:08,Friday,6,0,1,1,3,1,1,1,1,1,4,1,1
09/01/26,06:43:21,Friday,6,0,1,1,3,1,1,1,1,1,1,1,1
09/01/26,06:58:32,Friday,6,0,1,1,3,1,1,1,1,1,4,1,1
09/01/26,07:13:44,Friday,7,0,1,1,3,1,1,1,1,1,1,1,1
09/01/26,07:28:55,Friday,7,0,1,1,3,1,1,1,1,1,1,1,1
09/01/26,07:44:08,Friday,7,0,1,1,3,1,1,1,1,1,1,1,1
09/01/26,07:59:20,Friday,7,0,1,1,3,1,1,1,1,1,1,1,1
09/01/26,08:14:31,Friday,8,0,1,1,3,1,1,1,1,1,1,1,1
09/01/26,08:29:42,Friday,8,0,1,1,3,1,1,1,1,1,1,1,1
09/01/26,08:44:56,Friday,8,0,1,1,3,1,1,1,1,1,1,1,1
09/01/26,09:00:07,Friday,9,0,1,1,3,1,1,1,1,1,1,1,1
09/01/26,09:15:18,Friday,9,0,1,1,3,1,1,1,1,1,1,1,1
09/01/26,09:30:29,Friday,9,0,1,1,3,1,1,1,1,1,1,1,1
09/01/26,09:45:42,Friday,9,0,1,1,3,1,1,1,1,1,1,1,1
09/01/26,10:00:54,Friday,10,0,1,1,3,1,1,1,1,1,1,1,1
09/01/26,10:16:05,Friday,10,0,1,1,3,1,1,1,1,1,1,1,1
09/01/26,10:31:17,Friday,10,0,1,1,3,1,1,1,1,1,4,1,1
09/01/26,10:46:30,Friday,10,0,1,1,3,1,1,1,1,1,4,1,1
09/01/26,11:01:43,Friday,11,0,1,1,3,1,1,1,1,1,4,1,1
09/01/26,11:16:55,Friday,11,0,1,1,3,1,1,1,1,1,4,1,1
09/01/26,11:32:07,Friday,11,0,1,1,3,1,1,1,1,1,4,1,1
09/01/26,11:47:20,Friday,11,0,1,1,3,1,1,1,1,1,4,1,1
09/01/26,12:02:32,Friday,12,0,1,1,3,1,1,1,1,1,4,1,1
09/01/26,12:17:43,Friday,12,0,1,1,3,1,1,1,1,1,1,1,1
09/01/26,12:32:55,Friday,12,0,1,1,3,1,1,1,1,1,1,1,1
09/01/26,12:48:08,Friday,12,0,1,1,3,1,1,1,1,1,1,1,1
09/01/26,13:03:19,Friday,13,0,1,1,3,1,1,1,1,1,1,1,1
09/01/26,13:18:31,Friday,13,0,1,1,3,1,1,1,1,1,1,1,1
09/01/26,13:33:42,Friday,13,0,1,1,3,1,1,1,1,1,1,1,1
09/01/26,13:48:56,Friday,13,0,1,1,3,1,1,1,1,1,1,1,1
09/01/26,14:04:07,Friday,14,0,1,1,3,1,1,1,1,1,1,1,1
09/01/26,14:19:18,Friday,14,0,1,1,3,1,1,1,1,1,1,1,1
09/01/26,14:34:30,Friday,14,0,1,1,3,1,1,1,1,1,1,1,1
09/01/26,14:49:43,Friday,14,0,1,1,3,1,1,1,1,1,1,1,1
09/01/26,15:04:55,Friday,15,0,1,1,3,1,1,1,1,1,1,1,1
09/01/26,15:20:06,Friday,15,0,1,1,3,1,1,1,1,1,1,1,1
09/01/26,15:35:18,Friday,15,0,1,1,3,1,1,1,1,1,1,1,1
09/01/26,15:50:31,Friday,15,0,1,1,3,1,1,1,1,1,1,1,1
09/01/26,16:05:42,Friday,16,0,1,1,3,1,1,1,1,1,1,1,1
09/01/26,16:20:53,Friday,16,0,1,1,3,1,1,1,1,1,1,1,1
09/01/26,16:36:04,Friday,16,0,1,1,3,1,1,1,1,1,1,1,1
09/01/26,16:51:17,Friday,16,0,1,1,3,1,1,1,1,1,1,1,1
09/01/26,17:06:29,Friday,17,0,1,1,3,1,1,1,1,1,1,1,1
09/01/26,17:21:40,Friday,17,0,1,1,3,1,1,1,1,1,1,1,1
09/01/26,17:36:51,Friday,17,0,1,1,3,1,1,1,1,1,1,1,1
09/01/26,17:52:04,Friday,17,0,1,1,3,1,1,1,1,1,1,1,1
09/01/26,18:07:15,Friday,18,0,1,1,3,1,1,1,1,1,1,1,1
09/01/26,18:22:27,Friday,18,0,1,1,3,1,1,1,1,1,1,1,1
09/01/26,18:37:38,Friday,18,0,1,1,3,1,1,1,1,1,1,1,1
09/01/26,18:52:51,Friday,18,0,1,1,3,1,1,1,1,1,1,1,1
09/01/26,19:08:03,Friday,19,0,1,1,3,1,1,1,1,1,1,1,1
09/01/26,19:23:14,Friday,19,0,1,1,3,1,1,1,1,1,1,1,1
09/01/26,19:38:26,Friday,19,0,1,1,3,1,1,1,1,1,1,1,1
09/01/26,19:53:39,Friday,19,0,1,1,3,1,1,1,1,1,4,1,1
09/01/26,20:08:50,Friday,20,0,1,1,3,1,1,1,1,1,1,1,1
09/01/26,20:24:02,Friday,20,0,1,1,3,1,1,1,1,1,1,1,1
09/01/26,20:39:13,Friday,20,0,1,1,3,1,1,1,1,1,4,1,1
09/01/26,20:54:26,Friday,20,0,1,1,3,1,1,1,1,1,1,1,1
09/01/26,21:09:37,Friday,21,0,1,1,3,1,1,1,1,1,1,1,1
09/01/26,21:24:48,Friday,21,0,1,1,3,1,1,1,1,1,1,1,1
09/01/26,21:40:00,Friday,21,0,1,1,3,1,1,1,1,1,1,1,1
09/01/26,21:55:13,Friday,21,0,1,1,3,1,1,1,1,1,1,1,1
09/01/26,22:10:25,Friday,22,0,1,1,3,1,1,1,1,1,1,1,1
09/01/26,22:25:36,Friday,22,0,1,1,3,1,1,1,1,1,1,1,1
09/01/26,22:40:48,Friday,22,0,1,1,3,1,1,1,1,1,1,1,1
09/01/26,22:56:01,Friday,22,0,1,1,3,1,1,1,1,1,1,1,1
09/01/26,23:11:13,Friday,23,0,1,1,3,1,1,1,1,1,1,1,1
09/01/26,23:26:24,Friday,23,0,1,1,3,1,1,1,1,1,1,1,1
09/01/26,23:41:35,Friday,23,0,1,1,3,1,1,1,1,1,1,1,1
09/01/26,23:56:49,Friday,23,0,1,1,3,1,1,1,1,1,1,1,1
10/01/26,00:12:00,Saturday,0,0,1,1,3,1,1,1,1,1,1,1,1
10/01/26,00:27:12,Saturday,0,0,1,1,3,1,1,1,1,1,1,1,1
10/01/26,00:42:23,Saturday,0,0,1,1,3,1,1,1,1,1,1,1,1
10/01/26,00:57:36,Saturday,0,0,1,1,3,1,1,1,1,1,1,1,1
10/01/26,01:12:47,Saturday,1,0,1,1,3,1,1,1,1,1,1,1,1
10/01/26,01:27:58,Saturday,1,0,1,1,3,1,1,1,1,1,1,1,1
10/01/26,01:43:10,Saturday,1,0,1,1,3,1,1,1,1,1,1,1,1
10/01/26,01:58:23,Saturday,1,0,1,1,3,1,1,1,1,1,1,1,1
10/01/26,02:13:34,Saturday,2,0,1,1,3,1,1,1,1,1,1,1,1
10/01/26,02:28:45,Saturday,2,0,1,1,3,1,1,1,1,1,1,1,1
10/01/26,02:43:56,Saturday,2,0,1,1,3,1,1,1,1,1,1,1,1
10/01/26,02:59:09,Saturday,2,0,1,1,3,1,1,1,1,1,1,1,1
10/01/26,03:14:20,Saturday,3,0,1,1,3,1,1,1,1,1,1,1,1
10/01/26,03:29:32,Saturday,3,0,1,1,3,1,1,1,1,1,1,1,1
10/01/26,03:44:43,Saturday,3,0,1,1,3,1,1,1,1,1,1,1,1
10/01/26,03:59:56,Saturday,3,0,1,1,3,1,1,1,1,1,1,1,1
10/01/26,04:15:08,Saturday,4,0,1,1,3,1,1,1,1,1,1,1,1
10/01/26,04:30:19,Saturday,4,0,1,1,3,1,1,1,1,1,1,1,1
10/01/26,04:45:30,Saturday,4,0,1,1,3,1,1,1,1,1,1,1,1
10/01/26,05:00:43,Saturday,5,0,1,1,3,1,1,1,1,1,4,1,1
10/01/26,05:15:54,Saturday,5,0,1,1,3,1,1,1,1,1,1,1,1
10/01/26,05:31:06,Saturday,5,0,1,1,3,1,1,1,1,1,1,1,1
10/01/26,05:46:17,Saturday,5,0,1,1,3,1,1,1,1,1,1,1,1
10/01/26,06:01:30,Saturday,6,0,1,1,3,1,1,1,1,1,1,1,1
10/01/26,06:16:41,Saturday,6,0,1,1,3,1,1,1,1,1,1,1,1
10/01/26,06:31:52,Saturday,6,0,1,1,3,1,1,1,1,1,1,1,1
10/01/26,06:47:04,Saturday,6,0,1,1,3,1,1,1,1,1,1,1,1
10/01/26,07:02:17,Saturday,7,0,1,1,3,1,1,1,1,1,1,1,1
10/01/26,07:17:28,Saturday,7,0,1,1,3,1,1,1,1,1,1,1,1
10/01/26,07:32:39,Saturday,7,0,1,1,3,1,1,1,1,1,1,1,1
10/01/26,07:47:51,Saturday,7,0,1,1,3,1,1,1,1,1,1,1,1
10/01/26,08:03:04,Saturday,8,0,1,1,3,1,1,1,1,1,1,1,1
10/01/26,08:18:15,Saturday,8,0,1,1,3,1,1,1,1,1,1,1,1
10/01/26,08:33:27,Saturday,8,0,1,1,3,1,1,1,1,1,4,1,1
10/01/26,08:48:38,Saturday,8,0,1,1,3,1,1,1,1,1,1,1,1
10/01/26,09:03:52,Saturday,9,0,1,1,3,1,1,1,1,1,4,1,1
10/01/26,09:19:03,Saturday,9,0,1,1,3,1,1,1,1,1,4,1,1
10/01/26,09:34:14,Saturday,9,0,1,1,3,1,1,1,1,1,4,1,1
10/01/26,09:49:26,Saturday,9,0,1,1,3,1,1,1,1,1,4,1,1
10/01/26,10:04:37,Saturday,10,0,1,1,3,1,1,1,1,1,1,1,1
10/01/26,10:19:48,Saturday,10,0,1,1,3,1,1,1,1,1,4,1,1
10/01/26,10:34:59,Saturday,10,0,1,1,3,1,1,1,1,1,4,1,1
10/01/26,10:50:11,Saturday,10,0,1,1,3,1,1,1,1,1,4,1,1
10/01/26,11:05:22,Saturday,11,0,1,1,3,1,1,1,1,1,4,1,1
10/01/26,11:20:33,Saturday,11,0,1,1,3,1,1,1,1,1,4,1,1
10/01/26,11:35:45,Saturday,11,0,1,1,3,1,1,1,1,1,4,1,1
10/01/26,11:50:56,Saturday,11,0,1,1,3,1,1,1,1,1,1,1,1
10/01/26,12:06:08,Saturday,12,0,1,1,3,1,1,1,1,1,1,1,1
10/01/26,12:21:19,Saturday,12,0,1,1,3,1,1,1,1,1,1,1,1
10/01/26,12:36:30,Saturday,12,0,1,1,3,1,1,1,1,1,1,1,1
10/01/26,12:51:41,Saturday,12,0,1,1,3,1,1,1,1,1,1,1,1
10/01/26,13:06:53,Saturday,13,0,1,1,3,1,1,1,1,1,1,1,1
10/01/26,13:22:04,Saturday,13,0,1,1,3,1,1,1,1,1,1,1,1
10/01/26,13:37:17,Saturday,13,0,1,1,3,1,1,1,1,1,1,1,1
10/01/26,13:52:29,Saturday,13,0,1,1,3,1,1,1,1,1,1,1,1
10/01/26,14:07:40,Saturday,14,0,1,1,3,1,1,1,1,1,1,1,1
10/01/26,14:22:52,Saturday,14,0,1,1,3,1,1,1,1,1,1,1,1
10/01/26,14:38:03,Saturday,14,0,1,1,3,1,1,1,1,1,1,1,1
10/01/26,14:53:15,Saturday,14,0,1,1,3,1,1,1,1,1,1,1,1
10/01/26,15:08:26,Saturday,15,0,1,1,3,1,1,1,1,1,1,1,1
10/01/26,15:23:38,Saturday,15,0,1,1,3,1,1,1,1,1,1,1,1
10/01/26,15:38:49,Saturday,15,0,1,1,3,1,1,1,1,1,1,1,1
10/01/26,15:54:01,Saturday,15,0,1,1,3,1,1,1,1,1,1,1,1
10/01/26,16:09:12,Saturday,16,0,1,1,1,1,1,1,1,1,1,1,1
10/01/26,16:24:23,Saturday,16,0,1,1,1,1,1,1,1,1,1,1,1
10/01/26,16:39:35,Saturday,16,0,1,1,3,1,1,1,1,1,1,1,1
10/01/26,16:54:46,Saturday,16,0,1,1,3,1,1,1,1,1,1,1,1
10/01/26,17:09:58,Saturday,17,0,1,1,3,1,1,1,1,1,1,1,1
10/01/26,17:25:09,Saturday,17,0,1,1,3,1,1,1,1,1,1,1,1
10/01/26,17:40:20,Saturday,17,0,1,1,3,1,1,1,1,1,1,1,1
10/01/26,17:55:31,Saturday,17,0,1,1,3,1,1,1,1,1,1,1,1
10/01/26,18:10:42,Saturday,18,0,1,1,3,1,1,1,1,1,1,1,1
10/01/26,18:25:54,Saturday,18,0,1,1,3,1,1,1,1,1,1,1,1
10/01/26,18:41:05,Saturday,18,0,1,1,3,1,1,1,1,1,1,1,1
10/01/26,18:56:16,Saturday,18,0,1,1,3,1,1,1,1,1,1,1,1
10/01/26,19:11:28,Saturday,19,0,1,1,3,1,1,1,1,1,1,1,1
10/01/26,19:26:39,Saturday,19,0,1,1,3,1,1,1,1,1,1,1,1
10/01/26,19:41:51,Saturday,19,0,1,1,3,1,1,1,1,1,1,1,1
10/01/26,19:57:02,Saturday,19,0,1,1,3,1,1,1,1,1,1,1,1
10/01/26,20:12:14,Saturday,20,0,1,1,3,1,1,1,1,1,1,1,1
10/01/26,20:27:25,Saturday,20,0,1,1,3,1,1,1,1,1,1,1,1
10/01/26,20:42:37,Saturday,20,0,1,1,3,1,1,1,1,1,1,1,1
10/01/26,20:57:49,Saturday,20,0,1,1,3,1,1,1,1,1,1,1,1
10/01/26,21:13:00,Saturday,21,0,1,1,3,1,1,1,1,1,1,1,1
10/01/26,21:28:12,Saturday,21,0,1,1,3,1,1,1,1,1,1,1,1
10/01/26,21:43:23,Saturday,21,0,1,1,3,1,1,1,1,1,1,1,1
10/01/26,21:58:35,Saturday,21,0,1,1,3,1,1,1,1,1,1,1,1
10/01/26,22:13:48,Saturday,22,0,1,1,3,1,1,1,1,1,1,1,1
10/01/26,22:28:59,Saturday,22,0,1,1,3,1,1,1,1,1,1,1,1
10/01/26,22:44:11,Saturday,22,0,1,1,3,1,1,1,1,1,1,1,1
10/01/26,22:59:22,Saturday,22,0,1,1,3,1,1,1,1,1,1,1,1
10/01/26,23:14:35,Saturday,23,0,1,1,3,1,1,1,1,1,1,1,1
10/01/26,23:29:46,Saturday,23,0,1,1,3,1,1,1,1,1,1,1,1
10/01/26,23:44:57,Saturday,23,0,1,1,3,1,1,1,1,1,1,1,1
11/01/26,00:00:08,Sunday,0,0,1,1,3,1,1,1,1,1,1,1,1
11/01/26,00:15:21,Sunday,0,0,1,1,3,1,1,1,1,1,1,1,1
11/01/26,00:30:32,Sunday,0,0,1,1,3,1,1,1,1,1,1,1,1
11/01/26,00:45:44,Sunday,0,0,1,1,3,1,1,1,1,1,1,1,1
11/01/26,01:00:55,Sunday,1,0,1,1,3,1,1,1,1,1,1,1,1
11/01/26,01:16:08,Sunday,1,0,1,1,3,1,1,1,1,1,1,1,1
11/01/26,01:31:19,Sunday,1,0,1,1,3,1,1,1,1,1,1,1,1
11/01/26,01:46:32,Sunday,1,0,1,1,3,1,1,1,1,1,1,1,1
11/01/26,02:01:44,Sunday,2,0,1,1,3,1,1,1,1,1,1,1,1
11/01/26,02:16:57,Sunday,2,0,1,1,3,1,1,1,1,1,1,1,1
11/01/26,02:32:09,Sunday,2,0,1,1,3,1,1,1,1,1,1,1,1
11/01/26,02:47:20,Sunday,2,0,1,1,3,1,1,1,1,1,1,1,1
11/01/26,03:02:31,Sunday,3,0,1,1,3,1,1,1,1,1,1,1,1
11/01/26,03:17:44,Sunday,3,0,1,1,3,1,1,1,1,1,1,1,1
11/01/26,03:32:56,Sunday,3,0,1,1,3,1,1,1,1,1,1,1,1
11/01/26,03:48:07,Sunday,3,0,1,1,3,1,1,1,1,1,1,1,1
11/01/26,04:03:18,Sunday,4,0,1,1,3,1,1,1,1,1,1,1,1
11/01/26,04:18:31,Sunday,4,0,1,1,3,1,1,1,1,1,1,1,1
11/01/26,04:33:42,Sunday,4,0,1,1,3,1,1,1,1,1,1,1,1
11/01/26,04:48:53,Sunday,4,0,1,1,3,1,1,1,1,1,1,1,1
11/01/26,05:04:05,Sunday,5,0,1,1,3,1,1,1,1,1,1,1,1
11/01/26,05:19:18,Sunday,5,0,1,1,3,1,1,1,1,1,1,1,1
11/01/26,05:34:29,Sunday,5,0,1,1,3,1,1,1,1,1,1,1,1
11/01/26,05:49:40,Sunday,5,0,1,1,3,1,1,1,1,1,1,1,1
11/01/26,06:04:52,Sunday,6,0,1,1,3,1,1,1,1,1,1,1,1
11/01/26,06:20:04,Sunday,6,0,1,1,3,1,1,1,1,1,1,1,1
11/01/26,06:35:15,Sunday,6,0,1,1,3,1,1,1,1,1,1,1,1
11/01/26,06:50:27,Sunday,6,0,1,1,3,1,1,1,1,1,1,1,1
11/01/26,07:05:38,Sunday,7,0,1,1,3,1,1,1,1,1,1,1,1
11/01/26,07:20:51,Sunday,7,0,1,1,3,1,1,1,1,1,1,1,1
11/01/26,07:36:02,Sunday,7,0,1,1,3,1,1,1,1,1,1,1,1
11/01/26,07:51:13,Sunday,7,0,1,1,3,1,1,1,1,1,1,1,1
11/01/26,08:06:25,Sunday,8,0,1,1,3,1,1,1,1,1,1,1,1
11/01/26,08:21:37,Sunday,8,0,1,1,3,1,1,1,1,1,1,1,1
11/01/26,08:36:49,Sunday,8,0,1,1,3,1,1,1,1,1,1,1,1
11/01/26,08:52:00,Sunday,8,0,1,1,3,1,1,1,1,1,1,1,1
11/01/26,09:07:12,Sunday,9,0,1,1,3,1,1,1,1,1,1,1,1
11/01/26,09:22:24,Sunday,9,0,1,1,3,1,1,1,1,1,1,1,1
11/01/26,09:37:36,Sunday,9,0,1,1,3,1,1,1,1,1,1,1,1
11/01/26,09:52:47,Sunday,9,0,1,1,3,1,1,1,1,1,1,1,1
11/01/26,10:07:59,Sunday,10,0,1,1,3,1,1,1,1,1,1,1,1
11/01/26,10:23:12,Sunday,10,0,1,1,3,1,1,1,1,1,1,1,1
11/01/26,10:38:23,Sunday,10,0,1,1,3,1,1,1,1,1,1,1,1
11/01/26,10:53:34,Sunday,10,0,1,1,3,1,1,1,1,1,1,1,1
11/01/26,11:08:45,Sunday,11,0,1,1,3,1,1,1,1,1,1,1,1
11/01/26,11:23:58,Sunday,11,0,1,1,3,1,1,1,1,1,1,1,1
11/01/26,11:39:10,Sunday,11,0,1,1,3,1,1,1,1,1,1,1,1
11/01/26,11:54:21,Sunday,11,0,1,1,3,1,1,1,1,1,1,1,1
11/01/26,12:09:32,Sunday,12,0,1,1,3,1,1,1,1,1,1,1,1
11/01/26,12:24:45,Sunday,12,0,1,1,3,1,1,1,1,1,1,1,1
11/01/26,12:39:57,Sunday,12,0,1,1,3,1,1,1,1,1,1,1,1
11/01/26,12:55:08,Sunday,12,0,1,1,3,1,1,1,1,1,1,1,1
11/01/26,13:10:20,Sunday,13,0,1,1,3,1,1,1,1,1,1,1,1
11/01/26,13:25:33,Sunday,13,0,1,1,3,1,1,1,1,1,1,1,1
11/01/26,13:40:44,Sunday,13,0,1,1,3,1,1,1,1,1,1,1,1
11/01/26,13:55:55,Sunday,13,0,1,1,3,1,1,1,1,1,1,1,1
11/01/26,14:11:07,Sunday,14,0,1,1,3,1,1,1,1,1,4,1,1
11/01/26,14:26:20,Sunday,14,0,1,1,3,1,1,1,1,1,4,1,1
11/01/26,14:41:31,Sunday,14,0,1,1,3,1,1,1,1,1,4,1,1
11/01/26,14:56:43,Sunday,14,0,1,1,3,1,1,1,1,1,4,1,1
11/01/26,15:11:55,Sunday,15,0,1,1,3,1,1,1,1,1,1,1,1
11/01/26,15:27:08,Sunday,15,0,1,1,3,1,1,1,1,1,4,1,1
11/01/26,15:42:19,Sunday,15,0,1,1,3,1,1,1,1,1,4,1,1
11/01/26,15:57:30,Sunday,15,0,1,1,3,1,1,1,1,1,1,1,1
11/01/26,16:12:42,Sunday,16,0,1,1,3,1,1,1,1,1,1,1,1
11/01/26,16:27:55,Sunday,16,0,1,1,3,1,1,1,1,1,4,1,1
11/01/26,16:43:07,Sunday,16,0,1,1,3,1,1,1,1,1,4,1,1
11/01/26,16:58:18,Sunday,16,0,1,1,3,1,1,1,1,1,4,1,1
11/01/26,17:13:30,Sunday,17,0,1,1,3,1,1,1,1,1,4,1,1
11/01/26,17:28:43,Sunday,17,0,1,1,3,1,1,1,1,1,4,1,1
11/01/26,17:43:55,Sunday,17,0,1,1,3,1,1,1,1,1,1,1,1
11/01/26,17:59:06,Sunday,17,0,1,1,3,1,1,1,1,1,1,1,1
11/01/26,18:14:18,Sunday,18,0,1,1,3,1,1,1,1,1,1,1,1
11/01/26,18:29:31,Sunday,18,0,1,1,3,1,1,1,1,1,1,1,1
11/01/26,18:44:42,Sunday,18,0,1,1,3,1,1,1,1,1,1,1,1
11/01/26,18:59:54,Sunday,18,0,1,1,3,1,1,1,1,1,1,1,1
11/01/26,19:15:05,Sunday,19,0,1,1,3,1,1,1,1,1,1,1,1
11/01/26,19:30:18,Sunday,19,0,1,1,3,1,1,1,1,1,1,1,1
11/01/26,19:45:30,Sunday,19,0,1,1,3,1,1,1,1,1,1,1,1
11/01/26,20:00:43,Sunday,20,0,1,1,3,1,1,1,1,1,1,1,1
11/01/26,20:15:54,Sunday,20,0,1,1,3,1,1,1,1,1,1,1,1
11/01/26,20:31:07,Sunday,20,0,1,1,3,1,1,1,1,1,1,1,1
11/01/26,20:46:19,Sunday,20,0,1,1,3,1,1,1,1,1,1,1,1
11/01/26,21:01:31,Sunday,21,0,1,1,3,1,1,1,1,1,1,1,1
11/01/26,21:16:42,Sunday,21,0,1,1,3,1,1,1,1,1,1,1,1
11/01/26,21:31:56,Sunday,21,0,1,1,3,1,1,1,1,1,1,1,1
11/01/26,21:47:07,Sunday,21,0,1,1,3,1,1,1,1,1,1,1,1
11/01/26,22:02:19,Sunday,22,0,1,1,3,1,1,1,1,1,1,1,1
11/01/26,22:17:30,Sunday,22,0,1,1,3,1,1,1,1,1,1,1,1
11/01/26,22:32:43,Sunday,22,0,1,1,3,1,1,1,1,1,1,1,1
11/01/26,22:47:54,Sunday,22,0,1,1,3,1,1,1,1,1,1,1,1
11/01/26,23:03:06,Sunday,23,0,1,1,3,1,1,1,1,1,1,1,1
11/01/26,23:18:17,Sunday,23,0,1,1,3,1,1,1,1,1,1,1,1
11/01/26,23:33:31,Sunday,23,0,1,1,3,1,1,1,1,1,1,1,1
